horizon,MAE,RMSE,MAPE
5min,2.94655768189516,6.352309415233047,6.627602275470735
10min,3.571384039577518,7.986437012881365,7.9638991884334365
15min,4.3643229763262115,9.12146095959193,9.41408613371391
