lambda,risk_mean_improvement_pct,risk_median_improvement_pct,risk_positive_rate_pct,physical_mean_improvement_pct,physical_median_improvement_pct,physical_positive_rate_pct,avg_reliability_pct
0.0,31.908323205896945,35.67868044043574,97.0,31.908323205896945,35.67868044043574,97.0,65.89400190944443
0.3,26.248352422197794,30.197018890327904,95.0,31.868112077076017,35.67374039730552,97.0,66.05130093538658
0.7,18.805091907459392,22.79601376100853,92.0,31.796137213592083,35.65159174569278,97.0,66.19972626267263
1.0,13.393174146184323,17.57515734540396,90.0,31.813340018195387,35.65604690175747,97.0,66.2152490548237
