horizon,MAE,RMSE,MAPE
5min,2.946780624286443,6.352867407415349,6.628353134675079
10min,3.571679969147847,7.987176182095218,7.964885243105504
15min,4.364670238402013,9.122437177200418,9.41514773927976
20min,4.692174008443883,10.100464313094433,10.420036757552294
25min,5.053082527725017,10.889652535563537,11.153112201422436
30min,5.785515255530902,11.613256791354758,12.488111756001105
