window_minutes,mape_5min,mape_15min,mape_30min,avg_mape_5_to_30,avg_accuracy_5_to_30
30.0,10.053579054764366,11.94836570064343,17.69959240270452,14.211207822527712,85.78879217747229
60.0,6.5922494487422325,9.372008693245295,12.490439569663446,9.650706103525597,90.3492938964744
90.0,7.028573424354425,9.74923270261111,13.26589609646746,10.212937390725271,89.78706260927473
120.0,7.028573424354425,9.74923270261111,13.26589609646746,10.212937390725271,89.78706260927473
