lambda,risk_mean_improvement_pct,physical_mean_improvement_pct,avg_reliability_pct,risk_positive_rate_pct
0.0,31.908323205896945,31.908323205896945,65.89400190944443,97.0
0.1,30.00805526461868,31.90596040766131,65.9856917563147,97.0
0.3,26.248352422197794,31.868112077076017,66.05130093538658,95.0
0.5,22.516379077902975,31.81428719069827,66.14256728942605,94.0
0.7,18.805091907459392,31.796137213592083,66.19972626267263,92.0
1.0,13.393174146184323,31.813340018195387,66.2152490548237,90.0
