{"mean": 26.248352422197794, "median": 30.197018890327904, "std": 10.841798339316492, "positive_rate": 95.0, "avg_reliability": 66.05130093538658, "physical_mean": 31.868112077076017, "physical_median": 35.67374039730552, "physical_std": 10.29044661942466, "physical_positive_rate": 97.0, "distribution": [22.78282816977248, 31.466085905037367, 29.66082356618228, 25.983272076512055, 30.612982769729307, 34.53991698045173, 26.16416365763015, 30.051656330861455, 24.656935082967372, 30.74498389969965, 30.87853929932944, -9.724412203022768, 6.41952649061734, 21.613379748641805, 30.179974174163306, 31.995498802135575, 32.53066070154615, 34.88764293162252, 31.99642539056134, 30.379498848759077, 29.472679705084055, 29.60080065029615, 30.046161265659304, 19.599574867558292, 31.451147495972222, 29.8110403597471, 32.65415666657103, 30.805678532184878, 30.70918926274413, 31.800207034962362, 29.258823842190175, 31.788738542337704, 30.818981617207957, 11.396145223900584, 27.394028652618434, 30.150606657515873, 28.474339555924594, -1.4293625069764007, 32.08269152807578, 31.45457103344948, 29.102320896518886, 5.8394711537283035, 31.824142511868043, 23.69075783305812, 31.017156361709304, 31.716411789139304, 29.479972692938688, 31.24877629332713, 30.31817400512167, -3.85387301004533, 28.614049120486186, 20.155598093631845, 32.250360043488385, 18.394805251623037, 29.20499725612637, 30.318009723598905, 33.534506863296606, 24.071113787258387, 2.670361395021691, 26.505410891477155, 31.45242192308842, 27.0395378520373, 28.110378957037074, 30.405573697023776, 27.209492818813537, 30.68992861660183, -35.493825151465586, 34.05975181911962, 29.05868224056268, 32.45093553789085, 31.221833245471036, 22.801150462269113, -7.924122276548743, 33.708020684011046, 29.27132203853604, 30.507307048071297, 30.418778646582112, 31.604819427718482, 30.422761762816336, 30.503356955165508, 15.35070718131901, 16.326897455752675, 33.92297938102663, 17.046096018942077, 30.18246552679799, 30.633159684210625, 29.384118619038762, 30.49842806206983, 32.51577526083333, 29.84099026179528, 30.976062730286145, 31.02934239279167, 27.0695040946076, 25.31945857242363, 32.2325541140302, 31.63848169100391, 30.211572253857817, 30.49842806206983, 31.83728825536945, 29.53972073315745], "physical_distribution": [29.034190168743994, 37.01347476508395, 35.2660566893341, 31.526993344723998, 36.21183738232695, 39.49507152189991, 31.634427818275306, 36.04825892313946, 30.229230360857073, 35.56397580490132, 36.84044237647118, -0.9760239671108605, 14.358743578732067, 27.474805419899383, 35.36070375542425, 37.21371723900894, 37.449119700270394, 38.82523455749035, 36.91376553559474, 35.84455389072374, 35.42609458464762, 34.86029167069658, 34.75549230661435, 27.066839595521518, 36.383683299803316, 35.80234402774934, 37.793051034166695, 35.65955200924486, 35.98974064352282, 37.33913423647384, 34.442987583596484, 37.06776031039244, 35.650641697115475, 18.707428647392575, 31.729328857686024, 35.409029871396875, 34.0843947471649, 7.2616448151020165, 37.70362798511051, 36.759380919083426, 34.74596155407686, 11.829714866354953, 37.780412877886135, 29.816829315911917, 36.08941435584741, 36.98708786853084, 35.687928785366175, 36.60273844878902, 35.594121472005, 5.081265230054491, 33.68953575802302, 26.799907384621154, 37.15084096933122, 24.981995369471772, 36.86298879176758, 35.856220769746784, 37.19743996679012, 29.5036426995398, 10.075588249274757, 32.7670798875201, 36.68118379619052, 32.568397998516694, 34.03891653035662, 35.63142119328838, 32.15787110466471, 36.4836836148763, -29.568015230246203, 38.71239324110296, 33.144467511014525, 37.08700367264326, 36.48651966903246, 28.503426537494462, -1.9021849680901106, 37.95411744054157, 34.54364501998553, 36.27284063341676, 36.1537886907139, 37.05591493998321, 35.99037060831087, 35.69780887162662, 22.481023620493044, 20.767995280124726, 38.27559269005542, 23.50072709159346, 36.024364096900506, 36.14457767693027, 35.08205475821307, 36.37115345180582, 37.63681378629589, 35.448079611774894, 36.34588636089301, 36.68719028937096, 32.883610418771134, 30.627567262674425, 37.40384760192762, 37.04731562902128, 35.95524884834739, 36.37115345180582, 37.08767536649372, 34.654017209504936]}